node,module,input_shape,output_shape,count,time_ms_sum,time_ms_avg,comm_mb_sum,comm_mb_avg,rounds_sum,rounds_avg
/lm_head/MatMul_output_0,MatMul,"[(1, 8, 4096), (4096, 32000)]","(1, 8, 32000)",1,2756.531954,2756.531954,2000.5,2000.5,1.0,1.0
/model/layers.6/mlp/down_proj/MatMul_output_0,MatMul,"[(1, 8, 11008), (11008, 4096)]","(1, 8, 4096)",1,1001.288176,1001.288176,689.34375,689.34375,1.0,1.0
/model/layers.4/mlp/down_proj/MatMul_output_0,MatMul,"[(1, 8, 11008), (11008, 4096)]","(1, 8, 4096)",1,994.985104,994.985104,689.34375,689.34375,1.0,1.0
/model/layers.3/mlp/down_proj/MatMul_output_0,MatMul,"[(1, 8, 11008), (11008, 4096)]","(1, 8, 4096)",1,992.750645,992.750645,689.34375,689.34375,1.0,1.0
/model/layers.0/mlp/down_proj/MatMul_output_0,MatMul,"[(1, 8, 11008), (11008, 4096)]","(1, 8, 4096)",1,992.576361,992.576361,689.34375,689.34375,1.0,1.0
/model/layers.2/mlp/down_proj/MatMul_output_0,MatMul,"[(1, 8, 11008), (11008, 4096)]","(1, 8, 4096)",1,988.251448,988.251448,689.34375,689.34375,1.0,1.0
/model/layers.7/mlp/up_proj/MatMul_output_0,MatMul,"[(1, 8, 4096), (4096, 11008)]","(1, 8, 11008)",1,978.308439,978.308439,688.5,688.5,1.0,1.0
/model/layers.5/mlp/down_proj/MatMul_output_0,MatMul,"[(1, 8, 11008), (11008, 4096)]","(1, 8, 4096)",1,976.564407,976.564407,689.34375,689.34375,1.0,1.0
/model/layers.2/mlp/up_proj/MatMul_output_0,MatMul,"[(1, 8, 4096), (4096, 11008)]","(1, 8, 11008)",1,975.577116,975.577116,688.5,688.5,1.0,1.0
/model/layers.7/mlp/gate_proj/MatMul_output_0,MatMul,"[(1, 8, 4096), (4096, 11008)]","(1, 8, 11008)",1,973.880768,973.880768,688.5,688.5,1.0,1.0
/model/layers.7/mlp/down_proj/MatMul_output_0,MatMul,"[(1, 8, 11008), (11008, 4096)]","(1, 8, 4096)",1,972.74518,972.74518,689.34375,689.34375,1.0,1.0
/model/layers.2/mlp/gate_proj/MatMul_output_0,MatMul,"[(1, 8, 4096), (4096, 11008)]","(1, 8, 11008)",1,972.593069,972.593069,688.5,688.5,1.0,1.0
/model/layers.6/mlp/up_proj/MatMul_output_0,MatMul,"[(1, 8, 4096), (4096, 11008)]","(1, 8, 11008)",1,972.371101,972.371101,688.5,688.5,1.0,1.0
/model/layers.0/mlp/gate_proj/MatMul_output_0,MatMul,"[(1, 8, 4096), (4096, 11008)]","(1, 8, 11008)",1,960.771084,960.771084,688.5,688.5,1.0,1.0
/model/layers.6/mlp/gate_proj/MatMul_output_0,MatMul,"[(1, 8, 4096), (4096, 11008)]","(1, 8, 11008)",1,959.980011,959.980011,688.5,688.5,1.0,1.0
/model/layers.4/mlp/up_proj/MatMul_output_0,MatMul,"[(1, 8, 4096), (4096, 11008)]","(1, 8, 11008)",1,959.481955,959.481955,688.5,688.5,1.0,1.0
/model/layers.3/mlp/up_proj/MatMul_output_0,MatMul,"[(1, 8, 4096), (4096, 11008)]","(1, 8, 11008)",1,955.598831,955.598831,688.5,688.5,1.0,1.0
/model/layers.3/mlp/gate_proj/MatMul_output_0,MatMul,"[(1, 8, 4096), (4096, 11008)]","(1, 8, 11008)",1,951.317787,951.317787,688.5,688.5,1.0,1.0
/model/layers.4/mlp/gate_proj/MatMul_output_0,MatMul,"[(1, 8, 4096), (4096, 11008)]","(1, 8, 11008)",1,946.409225,946.409225,688.5,688.5,1.0,1.0
/model/layers.1/mlp/down_proj/MatMul_output_0,MatMul,"[(1, 8, 11008), (11008, 4096)]","(1, 8, 4096)",1,943.240643,943.240643,689.34375,689.34375,1.0,1.0
/model/layers.1/mlp/up_proj/MatMul_output_0,MatMul,"[(1, 8, 4096), (4096, 11008)]","(1, 8, 11008)",1,926.203251,926.203251,688.5,688.5,1.0,1.0
/model/layers.0/mlp/up_proj/MatMul_output_0,MatMul,"[(1, 8, 4096), (4096, 11008)]","(1, 8, 11008)",1,901.827097,901.827097,688.5,688.5,1.0,1.0
/model/layers.1/mlp/gate_proj/MatMul_output_0,MatMul,"[(1, 8, 4096), (4096, 11008)]","(1, 8, 11008)",1,876.965046,876.965046,688.5,688.5,1.0,1.0
/model/layers.5/mlp/up_proj/MatMul_output_0,MatMul,"[(1, 8, 4096), (4096, 11008)]","(1, 8, 11008)",1,816.715956,816.715956,688.5,688.5,1.0,1.0
/model/layers.5/mlp/gate_proj/MatMul_output_0,MatMul,"[(1, 8, 4096), (4096, 11008)]","(1, 8, 11008)",1,796.042442,796.042442,688.5,688.5,1.0,1.0
/model/layers.0/self_attn/o_proj/MatMul_output_0,MatMul,"[(1, 8, 4096), (4096, 4096)]","(1, 8, 4096)",1,377.637386,377.637386,256.5,256.5,1.0,1.0
/model/layers.2/self_attn/o_proj/MatMul_output_0,MatMul,"[(1, 8, 4096), (4096, 4096)]","(1, 8, 4096)",1,376.908302,376.908302,256.5,256.5,1.0,1.0
/model/layers.7/self_attn/v_proj/MatMul_output_0,MatMul,"[(1, 8, 4096), (4096, 4096)]","(1, 8, 4096)",1,375.443459,375.443459,256.5,256.5,1.0,1.0
/model/layers.6/self_attn/v_proj/MatMul_output_0,MatMul,"[(1, 8, 4096), (4096, 4096)]","(1, 8, 4096)",1,374.829769,374.829769,256.5,256.5,1.0,1.0
/model/layers.1/self_attn/o_proj/MatMul_output_0,MatMul,"[(1, 8, 4096), (4096, 4096)]","(1, 8, 4096)",1,374.430656,374.430656,256.5,256.5,1.0,1.0
/model/layers.5/self_attn/k_proj/MatMul_output_0,MatMul,"[(1, 8, 4096), (4096, 4096)]","(1, 8, 4096)",1,372.668743,372.668743,256.5,256.5,1.0,1.0
/model/layers.5/self_attn/v_proj/MatMul_output_0,MatMul,"[(1, 8, 4096), (4096, 4096)]","(1, 8, 4096)",1,371.391535,371.391535,256.5,256.5,1.0,1.0
/model/layers.6/self_attn/q_proj/MatMul_output_0,MatMul,"[(1, 8, 4096), (4096, 4096)]","(1, 8, 4096)",1,370.013237,370.013237,256.5,256.5,1.0,1.0
/model/layers.4/self_attn/o_proj/MatMul_output_0,MatMul,"[(1, 8, 4096), (4096, 4096)]","(1, 8, 4096)",1,369.543314,369.543314,256.5,256.5,1.0,1.0
/model/layers.0/self_attn/v_proj/MatMul_output_0,MatMul,"[(1, 8, 4096), (4096, 4096)]","(1, 8, 4096)",1,369.34948,369.34948,256.5,256.5,1.0,1.0
/model/layers.0/self_attn/q_proj/MatMul_output_0,MatMul,"[(1, 8, 4096), (4096, 4096)]","(1, 8, 4096)",1,369.043827,369.043827,256.5,256.5,1.0,1.0
/model/layers.7/self_attn/q_proj/MatMul_output_0,MatMul,"[(1, 8, 4096), (4096, 4096)]","(1, 8, 4096)",1,369.008541,369.008541,256.5,256.5,1.0,1.0
/model/layers.7/self_attn/o_proj/MatMul_output_0,MatMul,"[(1, 8, 4096), (4096, 4096)]","(1, 8, 4096)",1,368.941545,368.941545,256.5,256.5,1.0,1.0
/model/layers.3/self_attn/v_proj/MatMul_output_0,MatMul,"[(1, 8, 4096), (4096, 4096)]","(1, 8, 4096)",1,368.147373,368.147373,256.5,256.5,1.0,1.0
/model/layers.0/self_attn/k_proj/MatMul_output_0,MatMul,"[(1, 8, 4096), (4096, 4096)]","(1, 8, 4096)",1,367.988348,367.988348,256.5,256.5,1.0,1.0
/model/layers.2/self_attn/v_proj/MatMul_output_0,MatMul,"[(1, 8, 4096), (4096, 4096)]","(1, 8, 4096)",1,367.068768,367.068768,256.5,256.5,1.0,1.0
/model/layers.5/self_attn/q_proj/MatMul_output_0,MatMul,"[(1, 8, 4096), (4096, 4096)]","(1, 8, 4096)",1,367.027521,367.027521,256.5,256.5,1.0,1.0
/model/layers.4/self_attn/q_proj/MatMul_output_0,MatMul,"[(1, 8, 4096), (4096, 4096)]","(1, 8, 4096)",1,366.895914,366.895914,256.5,256.5,1.0,1.0
/model/layers.6/self_attn/k_proj/MatMul_output_0,MatMul,"[(1, 8, 4096), (4096, 4096)]","(1, 8, 4096)",1,366.849184,366.849184,256.5,256.5,1.0,1.0
/model/layers.2/self_attn/k_proj/MatMul_output_0,MatMul,"[(1, 8, 4096), (4096, 4096)]","(1, 8, 4096)",1,366.465569,366.465569,256.5,256.5,1.0,1.0
/model/layers.7/self_attn/k_proj/MatMul_output_0,MatMul,"[(1, 8, 4096), (4096, 4096)]","(1, 8, 4096)",1,366.409779,366.409779,256.5,256.5,1.0,1.0
/model/layers.3/self_attn/o_proj/MatMul_output_0,MatMul,"[(1, 8, 4096), (4096, 4096)]","(1, 8, 4096)",1,366.284609,366.284609,256.5,256.5,1.0,1.0
/model/layers.4/self_attn/k_proj/MatMul_output_0,MatMul,"[(1, 8, 4096), (4096, 4096)]","(1, 8, 4096)",1,362.902403,362.902403,256.5,256.5,1.0,1.0
/model/layers.3/self_attn/k_proj/MatMul_output_0,MatMul,"[(1, 8, 4096), (4096, 4096)]","(1, 8, 4096)",1,362.593174,362.593174,256.5,256.5,1.0,1.0
/model/layers.2/self_attn/q_proj/MatMul_output_0,MatMul,"[(1, 8, 4096), (4096, 4096)]","(1, 8, 4096)",1,360.829115,360.829115,256.5,256.5,1.0,1.0
/model/layers.6/self_attn/o_proj/MatMul_output_0,MatMul,"[(1, 8, 4096), (4096, 4096)]","(1, 8, 4096)",1,357.372761,357.372761,256.5,256.5,1.0,1.0
/model/layers.3/self_attn/q_proj/MatMul_output_0,MatMul,"[(1, 8, 4096), (4096, 4096)]","(1, 8, 4096)",1,357.228518,357.228518,256.5,256.5,1.0,1.0
/model/layers.1/self_attn/q_proj/MatMul_output_0,MatMul,"[(1, 8, 4096), (4096, 4096)]","(1, 8, 4096)",1,346.448898,346.448898,256.5,256.5,1.0,1.0
/model/layers.1/self_attn/k_proj/MatMul_output_0,MatMul,"[(1, 8, 4096), (4096, 4096)]","(1, 8, 4096)",1,345.442057,345.442057,256.5,256.5,1.0,1.0
/model/layers.1/self_attn/v_proj/MatMul_output_0,MatMul,"[(1, 8, 4096), (4096, 4096)]","(1, 8, 4096)",1,344.52486,344.52486,256.5,256.5,1.0,1.0
/model/layers.5/self_attn/o_proj/MatMul_output_0,MatMul,"[(1, 8, 4096), (4096, 4096)]","(1, 8, 4096)",1,312.716722,312.716722,256.5,256.5,1.0,1.0
/model/layers.4/self_attn/v_proj/MatMul_output_0,MatMul,"[(1, 8, 4096), (4096, 4096)]","(1, 8, 4096)",1,308.407545,308.407545,256.5,256.5,1.0,1.0
/model/layers.6/self_attn/MatMul_output_0,MatMul,"[(1, 32, 8, 128), (1, 32, 128, 8)]","(1, 32, 8, 8)",1,8.917809,8.917809,1.0,1.0,1.0,1.0
/model/layers.0/self_attn/MatMul_output_0,MatMul,"[(1, 32, 8, 128), (1, 32, 128, 8)]","(1, 32, 8, 8)",1,7.364035,7.364035,1.0,1.0,1.0,1.0
/model/layers.3/self_attn/MatMul_output_0,MatMul,"[(1, 32, 8, 128), (1, 32, 128, 8)]","(1, 32, 8, 8)",1,7.359743,7.359743,1.0,1.0,1.0,1.0
/model/layers.2/self_attn/MatMul_output_0,MatMul,"[(1, 32, 8, 128), (1, 32, 128, 8)]","(1, 32, 8, 8)",1,7.305861,7.305861,1.0,1.0,1.0,1.0
/model/layers.5/self_attn/MatMul_output_0,MatMul,"[(1, 32, 8, 128), (1, 32, 128, 8)]","(1, 32, 8, 8)",1,7.279396,7.279396,1.0,1.0,1.0,1.0
/model/layers.4/self_attn/MatMul_output_0,MatMul,"[(1, 32, 8, 128), (1, 32, 128, 8)]","(1, 32, 8, 8)",1,7.214546,7.214546,1.0,1.0,1.0,1.0
/model/layers.1/self_attn/MatMul_output_0,MatMul,"[(1, 32, 8, 128), (1, 32, 128, 8)]","(1, 32, 8, 8)",1,7.179022,7.179022,1.0,1.0,1.0,1.0
/model/layers.7/self_attn/MatMul_output_0,MatMul,"[(1, 32, 8, 128), (1, 32, 128, 8)]","(1, 32, 8, 8)",1,6.834507,6.834507,1.0,1.0,1.0,1.0
/model/layers.6/self_attn/MatMul_1_output_0,MatMul,"[(1, 32, 8, 8), (1, 32, 8, 128)]","(1, 32, 8, 128)",1,4.691601,4.691601,0.53125,0.53125,1.0,1.0
/model/layers.2/self_attn/MatMul_1_output_0,MatMul,"[(1, 32, 8, 8), (1, 32, 8, 128)]","(1, 32, 8, 128)",1,4.578114,4.578114,0.53125,0.53125,1.0,1.0
/model/layers.4/self_attn/MatMul_1_output_0,MatMul,"[(1, 32, 8, 8), (1, 32, 8, 128)]","(1, 32, 8, 128)",1,4.548073,4.548073,0.53125,0.53125,1.0,1.0
/model/layers.7/self_attn/MatMul_1_output_0,MatMul,"[(1, 32, 8, 8), (1, 32, 8, 128)]","(1, 32, 8, 128)",1,4.476547,4.476547,0.53125,0.53125,1.0,1.0
/model/layers.0/self_attn/MatMul_1_output_0,MatMul,"[(1, 32, 8, 8), (1, 32, 8, 128)]","(1, 32, 8, 128)",1,4.398823,4.398823,0.53125,0.53125,1.0,1.0
/model/layers.1/self_attn/MatMul_1_output_0,MatMul,"[(1, 32, 8, 8), (1, 32, 8, 128)]","(1, 32, 8, 128)",1,4.358053,4.358053,0.53125,0.53125,1.0,1.0
/model/layers.3/self_attn/MatMul_1_output_0,MatMul,"[(1, 32, 8, 8), (1, 32, 8, 128)]","(1, 32, 8, 128)",1,4.324913,4.324913,0.53125,0.53125,1.0,1.0
/model/layers.5/self_attn/MatMul_1_output_0,MatMul,"[(1, 32, 8, 8), (1, 32, 8, 128)]","(1, 32, 8, 128)",1,4.221201,4.221201,0.53125,0.53125,1.0,1.0
/model/layers.0/self_attn/rotary_emb/MatMul_output_0,MatMul,"[(1, 64, 1), (1, 1, 8)]","(1, 64, 8)",1,0.139475,0.139475,0.0,0.0,0.0,0.0
